model,combo,peak_infected
sir,air,116094481.66666667
sir,air+land+water,213083906.0
sir,air+water,79894730.0
sis,air,56516299.333333336
sis,air+land+water,97268838.33333333
sis,air+water,36438938.0
