combo,gap_rel
air,0.08065222688013647
air+water,0.05161312219595019
air+land+water,0.12755672941336413
