strategy,peak_infected
degree,122403376.77777778
subgraph,124838017.77777778
random,134031611.66666667
betweenness,148116545.83333334
