Disease,air,+water,+land
Measles (SIR),116094481.66666667,79894730.0,213083906.0
Gonorrhea (SIS),56516299.333333336,36438938.0,97268838.33333333
