Strategy,Peak,Reduction
Betweenness,170900788.16666666,20\%
Degree,195887565.33333334,8\%
Subgraph,196125991.0,8\%
Random,209013111.0,2\%
