Cities,Peak,Reduction
5,194292333.33333334,9\%
15,185426802.33333334,13\%
30,176157591.66666666,17\%
60,166975151.0,22\%
120,156971096.33333334,26\%
200,145581754.33333334,32\%
